loss,cer
0.0006744539376300223,1.3943442793023992
