loss,cer
0.0006744539376300223,1.4512530037761757
