loss,cer
0.0013766989394172451,2.869036161143957
0.0009037105712006079,1.9060648349385738
0.0007377437099122449,1.5825290939794756
