loss,cer
0.0006747524066548046,1.3410140765089384
0.00038936272182753105,1.1288672177872907
