loss,cer
0.0006747524066548046,1.3920602226472463
0.00038936272182753105,1.1405175152337772
