loss,cer
0.0007155437773490254,1.9542213146083367
