loss,cer
0.0007155437773490254,2.0792138688637145
