loss,cer
0.001617724437088824,5.2262935973234335
0.0010082629055960949,3.0792369101264954
0.0007978596514650997,2.365250746930136
